track,start,note
# start = seconds dropped from the beginning so the hook/drop plays early (the in-game jukebox fades songs out after ~30-50 s). Auto-picked from loudness/bass; edit freely.
01,39,NPC
02,0,Кошка
03,38,Перезавоз
04,65,Always
05,46,Не тусоваться
06,0,ТРЯСИ
07,65,ЧСВ
08,37,Влюблино
09,0,Нихао
10,17,_3
11,86,Район
12,14,Я собираюсь тебя трахнуть
13,0,СТИКЕР
14,34,Паркур
15,12,Евробит
16,36,Слёзки
17,41,Танцуй, комсомолка
18,98,Лиза
19,0,Сумасшедшая
20,5,Набухаюсь накурюсь (uncensored; beat kicks in at 0:06)
21,37,Лида навсегда
22,12,Танцуй или умри
23,22,Фотки
24,30,Дождь
25,37,Я люблю бухать
26,42,А МОЖЕТ ДА
27,42,RAVE MODE
28,0,РПТ
29,22,Новогодняя (first drop at 0:23)
30,40,Не Беспокоюсь
31,30,RAVE MODE - Punk Version
32,64,Девочка снюс (Alternative Version)
33,11,Цветы
34,46,Лох
35,10,Любовь 2000
36,21,Анапа
37,42,Одинокий волк
38,24,пупы шмупы
39,52,Грустный реп
