asset_path,name,set,duration_sec,sound_class,attenuation,volume,compression_quality,looping,streaming
/Game/Audio/Music/JukeBox/JukeBox_Blues_country-blues_f16l-DBO,JukeBox_Blues_country-blues_f16l-DBO,normal,184.14,,,,,false,true
/Game/Audio/Music/JukeBox/JukeBox_Blues_gottheblues_,JukeBox_Blues_gottheblues_,normal,259.97,,,,,false,true
/Game/Audio/Music/JukeBox/JukeBox_Blues_TheBluesSchool,JukeBox_Blues_TheBluesSchool,normal,229.09,,,,,false,true
/Game/Audio/Music/JukeBox/JukeBox_Classical_boccherini-minuet-classical_G16xrkBd,JukeBox_Classical_boccherini-minuet-classical_G16xrkBd,normal,214.67,,,,,false,false
/Game/Audio/Music/JukeBox/JukeBox_Classical_brahms-hungarian-dance-5-classical_zJWDHkru,JukeBox_Classical_brahms-hungarian-dance-5-classical_zJWDHkru,normal,148.07,,,,,false,true
/Game/Audio/Music/JukeBox/JukeBox_Classical_GreenSleeves,JukeBox_Classical_GreenSleeves,normal,156.00,,,,,false,true
/Game/Audio/Music/JukeBox/JukeBox_Country_country-rock_f16l-DBO,JukeBox_Country_country-rock_f16l-DBO,normal,90.41,,,,,false,true
/Game/Audio/Music/JukeBox/JukeBox_Country_country-sweetheart_zyn6okBd,JukeBox_Country_country-sweetheart_zyn6okBd,normal,128.79,,,,,false,true
/Game/Audio/Music/JukeBox/JukeBox_Disco_disco-tech,JukeBox_Disco_disco-tech,normal,183.20,,,,,false,true
/Game/Audio/Music/JukeBox/JukeBox_Disco_Night_Disco,JukeBox_Disco_Night_Disco,normal,152.30,,,,,false,true
/Game/Audio/Music/JukeBox/JukeBox_Heavy_hammerheadfall,JukeBox_Heavy_hammerheadfall,normal,161.51,,,,,false,true
/Game/Audio/Music/JukeBox/JukeBox_Heavy_RockingRagePower,JukeBox_Heavy_RockingRagePower,normal,182.12,,,,,false,true
/Game/Audio/Music/JukeBox/JukeBox_Heavy_street-rock-1985-bbc-1215-120,JukeBox_Heavy_street-rock-1985-bbc-1215-120,normal,255.78,,,,,false,true
/Game/Audio/Music/JukeBox/JukeBox_Heavy_warmachine,JukeBox_Heavy_warmachine,normal,205.20,,,,,false,true
/Game/Audio/Music/JukeBox/JukeBox_Jazz_jdl-091216-music-JDJ_Jazz_Poet_128,JukeBox_Jazz_jdl-091216-music-JDJ_Jazz_Poet_128,normal,159.37,,,,,false,true
/Game/Audio/Music/JukeBox/JukeBox_Jazz_NowThatsJazz,JukeBox_Jazz_NowThatsJazz,normal,153.65,,,,,false,true
/Game/Audio/Music/JukeBox/JukeBox_Techno_bcc-031814-techno-music-for-adverts-987,JukeBox_Techno_bcc-031814-techno-music-for-adverts-987,normal,82.36,,,,,false,true
/Game/Audio/Music/JukeBox/NewMusic/Jukebox_ChaChaCha_olympiad-cha-cha-cha_MJ7wWDSO__1_,Jukebox_ChaChaCha_olympiad-cha-cha-cha_MJ7wWDSO__1_,normal,81.40,,,,,false,true
/Game/Audio/Music/JukeBox/NewMusic/JukeBox_Country_country-boys-lullaby_zkxxhyBu,JukeBox_Country_country-boys-lullaby_zkxxhyBu,normal,80.53,,,,,false,true
/Game/Audio/Music/JukeBox/NewMusic/JukeBox_French_musette-full-01_fJi6EU4u,JukeBox_French_musette-full-01_fJi6EU4u,normal,79.40,,,,,false,true
/Game/Audio/Music/JukeBox/NewMusic/Jukebox_Groove_groove-lounge_fy-LMIrd,Jukebox_Groove_groove-lounge_fy-LMIrd,normal,76.41,,,,,false,true
/Game/Audio/Music/JukeBox/NewMusic/Jukebox_Heavy_hard-racing_z1V0KTNu,Jukebox_Heavy_hard-racing_z1V0KTNu,normal,77.04,,,,,false,true
/Game/Audio/Music/JukeBox/NewMusic/Jukebox_HipHop_hip-hop-power-rap_z1Qlo4N_,Jukebox_HipHop_hip-hop-power-rap_z1Qlo4N_,normal,76.52,,,,,false,true
/Game/Audio/Music/JukeBox/NewMusic/JukeBox_Jazz_swing-that-jazz,JukeBox_Jazz_swing-that-jazz,normal,81.77,,,,,false,true
/Game/Audio/Music/JukeBox/NewMusic/Jukebox_Kids_pravda-morena_fJzy_UHO__1_,Jukebox_Kids_pravda-morena_fJzy_UHO__1_,normal,76.96,,,,,false,true
/Game/Audio/Music/JukeBox/NewMusic/Jukebox_Oldie_sunset-instrumental-mix-bbc-1215-185,Jukebox_Oldie_sunset-instrumental-mix-bbc-1215-185,normal,84.73,,,,,false,true
/Game/Audio/Music/JukeBox/NewMusic/JukeBox_Rock-This-Jukebox-Full-Mix,JukeBox_Rock-This-Jukebox-Full-Mix,normal,85.29,,,,,false,true
/Game/Audio/Music/JukeBox/NewMusic/Jukebox_Rock_im-not-worthy_fkg8L8SO,Jukebox_Rock_im-not-worthy_fkg8L8SO,normal,71.46,,,,,false,true
/Game/Audio/Music/JukeBox/NewMusic/Jukebox_Techno_di-the-chance-032414-81,Jukebox_Techno_di-the-chance-032414-81,normal,76.73,,,,,false,true
/Game/Audio/Music/JukeBox/NewMusic/JukeBox_Waltz_-of-autumn-leaves,JukeBox_Waltz_-of-autumn-leaves,normal,82.18,,,,,false,true
/Game/Audio/Music/JukeBox/NewMusic_june2020/Jukebox_Carrebean_ssm-102518-Caribbean-Girls,Jukebox_Carrebean_ssm-102518-Caribbean-Girls,normal,75.29,,,,,false,true
/Game/Audio/Music/JukeBox/NewMusic_june2020/JukeBox_Country_ssm-102518-blue-grass-green-sky,JukeBox_Country_ssm-102518-blue-grass-green-sky,normal,69.77,,,,,false,true
/Game/Audio/Music/JukeBox/NewMusic_june2020/Jukebox_Greek_ssm-102518-tarantella-ukulele,Jukebox_Greek_ssm-102518-tarantella-ukulele,normal,77.90,,,1.7,,false,true
/Game/Audio/Music/JukeBox/NewMusic_june2020/Jukebox_Indierock_ssm-102518-big-rocks-minus-moog,Jukebox_Indierock_ssm-102518-big-rocks-minus-moog,normal,64.55,,,,,false,true
/Game/Audio/Music/JukeBox/NewMusic_june2020/Jukebox_Indierock_ssm-102518-Pop-Rock-Indie-Man-no-lead,Jukebox_Indierock_ssm-102518-Pop-Rock-Indie-Man-no-lead,normal,76.50,,,,,false,true
/Game/Audio/Music/JukeBox/NewMusic_june2020/Jukebox_Reaggea_ssm-102518-jamaican-roots,Jukebox_Reaggea_ssm-102518-jamaican-roots,normal,77.50,,,,,false,true
/Game/Audio/Music/JukeBox/NewMusic_june2020/Jukebox_reaggea_ssm-102518-let-it-go-inst-60-sec,Jukebox_reaggea_ssm-102518-let-it-go-inst-60-sec,normal,60.88,,,,,false,true
/Game/Audio/Music/JukeBox/NewMusic_june2020/Jukebox_Rock_ssm-102518-surf-mode,Jukebox_Rock_ssm-102518-surf-mode,normal,64.30,,,,,false,true
/Game/Audio/Music/JukeBox/NewMusic_june2020/Jukebox_Surf_ssm-102518-psychedelic-surfer,Jukebox_Surf_ssm-102518-psychedelic-surfer,normal,73.34,,,,,false,true
/Game/Audio/Music/JukeBox/TRJMusic/BluesTRJ_02,BluesTRJ_02,streamer,87.27,,,,,true,false
/Game/Audio/Music/JukeBox/TRJMusic/CountrayLazy_TRJ_2,CountrayLazy_TRJ_2,streamer,86.67,,,,,true,false
/Game/Audio/Music/JukeBox/TRJMusic/FrenchHouse_TRJ_02,FrenchHouse_TRJ_02,streamer,153.60,,,,,true,false
/Game/Audio/Music/JukeBox/TRJMusic/HeavyRockTRJ_2,HeavyRockTRJ_2,streamer,84.81,,,,,true,false
/Game/Audio/Music/JukeBox/TRJMusic/OrganMusic_TRJ_3,OrganMusic_TRJ_3,streamer,146.21,,,,,true,false
/Game/Audio/Music/JukeBox/TRJMusic/ReggaeTRJ_02,ReggaeTRJ_02,streamer,51.20,,,,,true,false
/Game/Audio/Music/JukeBox/TRJMusic/Surf_TRJ_02,Surf_TRJ_02,streamer,85.33,,,,,true,false
/Game/Audio/Music/JukeBox/TRJMusic/Techno_TRJ_02,Techno_TRJ_02,streamer,156.44,,,,,true,false
