artists	title	duration	url
Lida, плм, KSB muzic	NPC	2:34	https://www.youtube.com/watch?v=osPyo4EdEQk
Lida	Кошка	2:00	https://www.youtube.com/watch?v=Vj_8uCVJWMw
Lida	Перезавоз	2:26	https://www.youtube.com/watch?v=uO9HLXTOiNE
madk1d, Lida	Always	2:24	https://www.youtube.com/watch?v=PIikM8q1zro
Lida, Молодой Платон	Не тусоваться	2:35	https://www.youtube.com/watch?v=ZwXHH_MdB4c
Toxi$, Lida	ТРЯСИ	2:58	https://www.youtube.com/watch?v=ovhdqKrsQ9s
Lida, СЕРЕГА ПИРАТ	ЧСВ	3:20	https://www.youtube.com/watch?v=E_wvREUMTYM
Lida	Влюблино	3:01	https://www.youtube.com/watch?v=znXtmDqMM2k
Lida	Нихао	2:39	https://www.youtube.com/watch?v=ONzkT12sM3Y
Lida, Sqwore	<3	2:48	https://www.youtube.com/watch?v=hO2PrX8c5W8
Lida	Район	2:22	https://www.youtube.com/watch?v=P65JzFX2z0g
Lida	Я собираюсь тебя трахнуть	2:52	https://www.youtube.com/watch?v=fBirkHr3wes
CMH, Lida	СТИКЕР	2:12	https://www.youtube.com/watch?v=oRxuDeZRFx8
Lida, CMH, ЮГ 404	Паркур	4:37	https://www.youtube.com/watch?v=oxtnPPgKP8Q
Lida, GSPD	Евробит	2:45	https://www.youtube.com/watch?v=0NDoleV-_vI
Lida	Слёзки	2:10	https://www.youtube.com/watch?v=tRRh-2he-V0
Lida	Танцуй, комсомолка	2:08	https://www.youtube.com/watch?v=F1OOn94iUp4
Lida	Лиза	2:58	https://www.youtube.com/watch?v=O6SHlXFAQVY
Lida	Одинокий волк	2:15	https://www.youtube.com/watch?v=HniHUfDPlqI
Lida, CMH, GSPD	Сумасшедшая	2:39	https://www.youtube.com/watch?v=Kmkea2JKitg
Lida	Хочется забыться	2:25	https://www.youtube.com/watch?v=M7h9y7VTDjE
Lida	Лида навсегда	2:02	https://www.youtube.com/watch?v=rGtXQ_jABl4
Lida	Танцуй или умри	2:17	https://www.youtube.com/watch?v=_2AX_tC2tGM
Lida	Фотки	2:11	https://www.youtube.com/watch?v=ToLPox7AsPk
Lida	Дождь	1:59	https://www.youtube.com/watch?v=PU-ZksP55Cw
Lida	Я люблю бухать	1:52	https://www.youtube.com/watch?v=bHcNaDcK9jA
